url,status,ok,wordCount,lowContent,uniqueInternalLinks,weakInterlinking,indegree,orphanInSitemap,linksToMainDomain,linksToSubdomains,schemaScripts,schemaTypes,metaDescriptionLength,h1Count,topKeywords
https://cto.teamstation.dev/case-studies,200,true,319,true,66,false,248,false,77,2,1,"Corporation",109,1,"case:4.39%|read:3.76%|full:3.76%|study:3.76%|users:1.88%|sso:1.25%|enterprise:1.25%|scaling:1.25%"
https://cto.teamstation.dev/about,200,true,665,true,58,false,248,false,66,2,1,"Corporation",123,1,"platform:2.71%|team:2.11%|nearshore:1.8%|technology:1.8%|science:1.2%|provide:0.9%|secure:0.9%|building:0.9%"
https://cto.teamstation.dev/comparisons/unosquare,200,true,763,true,60,false,2,false,75,2,3,"Corporation|BreadcrumbList|FAQPage",159,1,"teamstation:3.15%|traditional:2.62%|compliance:2.23%|platform:1.97%|model:1.83%|integrated:1.7%|nearshore:1.44%|provides:1.44%"
https://cto.teamstation.dev/comparisons/devlane,200,true,772,true,60,false,2,false,75,2,2,"Corporation|BreadcrumbList|Product|FAQPage",159,1,"teamstation:3.24%|platform:2.2%|devlane:2.07%|type:1.68%|traditional:1.55%|operational:1.55%|security:1.55%|cost:1.55%"
https://cto.teamstation.dev/comparisons/new-gen-nearshore,200,true,570,true,61,false,1,false,73,2,2,"Corporation|FAQPage",115,1,"type:2.46%|nearshore:2.11%|cost:1.75%|co-pilot:1.75%|overhead:1.4%|hidden:1.4%|compliance:1.4%|daylight:1.4%"
https://cto.teamstation.dev/comparisons/faq,200,true,768,true,57,false,1,false,67,2,2,"Corporation|FAQPage",153,1,"type:3.39%|teamstation:2.86%|compliance:2.86%|vendors:2.34%|question:1.56%|name:1.56%|acceptedanswer:1.56%|answer:1.56%"
https://cto.teamstation.dev/comparisons/bairesdev,200,true,941,true,60,false,16,false,81,2,3,"Corporation|BreadcrumbList|FAQPage",150,1,"teamstation:2.98%|bairesdev:2.23%|tco:1.59%|predictable:1.49%|platform:1.38%|lower:1.28%|traditional:1.28%|security:1.28%"
https://cto.teamstation.dev/comparisons/deel,200,true,707,true,62,false,2,false,78,2,1,"Corporation",127,1,"talent:3.11%|platform:3.11%|teamstation:2.26%|deel:1.98%|team:1.7%|compliance:1.41%|solution:1.41%|find:1.13%"
https://cto.teamstation.dev/comparisons/andela,200,true,777,true,60,false,2,false,78,2,1,"Corporation",108,1,"teamstation:2.57%|platform:2.57%|talent:2.32%|nearshore:2.06%|global:1.8%|integrated:1.54%|andela:1.54%|operational:1.29%"
https://cto.teamstation.dev/comparisons/globant,200,true,783,true,61,false,2,false,77,2,1,"Corporation",145,1,"teamstation:2.81%|globant:2.3%|talent:2.04%|team:1.79%|platform:1.53%|control:1.53%|staff:1.28%|augmentation:1.28%"
https://cto.teamstation.dev/comparisons/globalsquad,200,true,825,true,59,false,1,false,73,2,2,"Corporation|BreadcrumbList",118,1,"model:2.67%|teamstation:2.3%|outsourcing:1.94%|black:1.94%|team:1.7%|box:1.7%|success:1.45%|globalsquad:0.97%"
https://cto.teamstation.dev/comparisons/coderslink,200,true,712,true,61,false,2,false,75,2,2,"Corporation|BreadcrumbList|Product|FAQPage",155,1,"teamstation:3.51%|coderslink:2.53%|platform:2.39%|integrated:2.11%|type:1.83%|compliance:1.69%|marketplace:1.4%|operational:1.4%"
https://cto.teamstation.dev/comparisons/nearsure,200,true,729,true,60,false,2,false,80,2,1,"Corporation",110,1,"teamstation:2.19%|platform:2.19%|integrated:1.65%|traditional:1.65%|tco:1.65%|security:1.37%|eor:1.37%|cost:1.37%"
https://cto.teamstation.dev/comparisons/kms,200,true,698,true,60,false,2,false,77,2,1,"Corporation",141,1,"technology:2.87%|teamstation:2.87%|model:2.01%|integrated:1.72%|outsourcing:1.72%|tco:1.72%|cost:1.43%|compliance:1.43%"
https://cto.teamstation.dev/comparisons/tecla,200,true,671,true,60,false,2,false,77,2,1,"Corporation",123,1,"teamstation:2.38%|tecla:2.09%|platform:2.09%|talent:2.09%|marketplace:2.09%|integrated:1.49%|model:1.49%|compliance:1.49%"
https://cto.teamstation.dev/comparisons/parallelstaff,200,true,714,true,59,false,2,false,75,2,2,"Corporation|BreadcrumbList",125,1,"teamstation:2.66%|platform:2.24%|model:1.96%|trial:1.68%|integrated:1.4%|parallelstaff:1.12%|taas:1.12%|scientific:1.12%"
https://cto.teamstation.dev/comparisons/howdy,200,true,1636,false,61,false,2,false,80,2,1,"Corporation",145,1,"security:2.32%|platform:1.59%|howdy:1.34%|compliance:1.22%|operational:1.22%|proof:1.22%|just:1.1%|tco:1.1%"
https://cto.teamstation.dev/comparisons/revelo,200,true,756,true,59,false,3,false,73,2,1,"Corporation",120,1,"team:3.7%|teamstation:2.12%|building:1.85%|marketplace:1.59%|teams:1.59%|management:1.59%|managed:1.32%|latam:1.32%"
https://cto.teamstation.dev/comparisons/terminal,200,true,777,true,59,false,2,false,77,2,2,"Corporation|BreadcrumbList",113,1,"teamstation:2.7%|terminal:1.54%|integrated:1.54%|hiring:1.54%|security:1.54%|model:1.29%|platform:1.29%|compliance:1.29%"
https://cto.teamstation.dev/comparisons,200,true,499,true,76,false,43,false,87,2,1,"Corporation",120,1,"risk:1.6%|key:1.6%|offenders:1.6%|teamstation:1.6%|vendors:1.2%|provide:1.2%|platform:1.2%|predictable:1.2%"
https://cto.teamstation.dev/comparisons/toptal,200,true,793,true,59,false,2,false,72,2,2,"Corporation|BreadcrumbList",107,1,"team:3.28%|teamstation:2.4%|teams:1.77%|individual:1.77%|toptal:1.51%|model:1.51%|managed:1.26%|marketplace:1.01%"
https://cto.teamstation.dev/faq,200,true,1322,true,59,false,248,false,68,2,2,"Corporation|FAQPage",103,1,"type:2.87%|hiring:1.66%|question:1.66%|name:1.36%|acceptedanswer:1.36%|answer:1.36%|text:1.36%|provides:1.21%"
https://cto.teamstation.dev/hire/by-country/argentina/angular,200,true,1095,true,59,false,2,false,73,2,1,"Corporation",187,1,"angular:3.84%|argentina:2.19%|team:1.46%|developers:1.28%|applications:1.28%|enterprise:1.1%|proof:1.1%|engineer:1.1%"
https://cto.teamstation.dev/hire/by-country/argentina/net,200,true,1097,true,59,false,2,false,73,2,1,"Corporation",160,1,"net:4.74%|argentina:2.19%|team:1.46%|developers:1.28%|core:1.28%|proof:1.09%|engineer:1.09%|build:0.91%"
https://cto.teamstation.dev/hire/by-country/argentina/java,200,true,1111,true,59,false,2,false,73,2,1,"Corporation",154,1,"java:3.78%|argentina:2.16%|team:1.44%|developers:1.26%|spring:1.08%|proof:1.08%|engineer:1.08%|build:0.9%"
https://cto.teamstation.dev/hire/by-country/argentina/go,200,true,1069,true,59,false,2,false,73,2,1,"Corporation",169,1,"argentina:2.25%|team:1.5%|developers:1.31%|proof:1.12%|model:1.12%|engineer:1.12%|services:0.94%|build:0.94%"
https://cto.teamstation.dev/hire/by-country/argentina/nextjs,200,true,1350,true,59,false,2,false,73,2,4,"Corporation|BreadcrumbList|Service|FAQPage",167,1,"next:4%|argentina:2.44%|type:1.33%|developers:1.33%|hire:1.26%|team:1.26%|engineer:0.96%|proof:0.89%"
https://cto.teamstation.dev/hire/by-country/argentina/node,200,true,1336,true,59,false,2,false,73,2,4,"Corporation|BreadcrumbList|Service|FAQPage",162,1,"node:3.74%|argentina:2.47%|type:1.35%|developers:1.35%|hire:1.27%|team:1.27%|engineer:0.97%|proof:0.9%"
https://cto.teamstation.dev/hire/by-country/argentina,200,true,2542,false,69,false,248,false,103,2,4,"Corporation|BreadcrumbList|Service|FAQPage",112,1,"argentina:1.69%|hire:1.34%|developers:1.22%|explore:1.02%|roles:1.02%|security:0.87%|talent:0.87%|type:0.75%"
https://cto.teamstation.dev/hire/by-country/argentina/python,200,true,1466,true,59,false,2,false,73,2,4,"Corporation|BreadcrumbList|Service|FAQPage",187,1,"python:3.89%|argentina:2.25%|team:1.3%|type:1.23%|developers:1.23%|hire:1.16%|build:0.95%|engineer:0.89%"
https://cto.teamstation.dev/hire/by-country/argentina/react,200,true,1465,true,59,false,2,false,73,2,4,"Corporation|BreadcrumbList|Service|FAQPage",180,1,"react:4.16%|argentina:2.25%|type:1.23%|developers:1.23%|hire:1.02%|team:1.02%|engineer:0.89%|proof:0.82%"
https://cto.teamstation.dev/hire/by-country/argentina/vue,200,true,1105,true,59,false,2,false,73,2,1,"Corporation",151,1,"vue:4.71%|argentina:2.17%|team:1.45%|developers:1.27%|proof:1.09%|engineer:1.09%|build:0.9%|tco:0.9%"
https://cto.teamstation.dev/hire/by-country/brazil/angular,200,true,1329,true,59,false,2,false,73,2,4,"Corporation|BreadcrumbList|Service|FAQPage",158,1,"angular:3.91%|brazil:2.48%|type:1.35%|developers:1.35%|hire:1.28%|team:1.28%|applications:1.2%|enterprise:0.98%"
https://cto.teamstation.dev/hire/by-country/brazil/react,200,true,1475,true,59,false,2,false,73,2,4,"Corporation|BreadcrumbList|Service|FAQPage",161,1,"react:4.14%|brazil:2.24%|type:1.22%|developers:1.22%|hire:1.02%|team:1.02%|engineer:0.88%|proof:0.81%"
https://cto.teamstation.dev/hire/by-country/brazil/go,200,true,1301,true,59,false,2,false,73,2,4,"Corporation|BreadcrumbList|Service|FAQPage",166,1,"brazil:2.54%|type:1.38%|developers:1.38%|hire:1.31%|team:1.31%|model:1%|engineer:1%|services:0.92%"
https://cto.teamstation.dev/hire/by-country/brazil/vue,200,true,1346,true,59,false,2,false,73,2,4,"Corporation|BreadcrumbList|Service|FAQPage",148,1,"vue:4.75%|brazil:2.45%|type:1.34%|developers:1.34%|hire:1.26%|team:1.26%|engineer:0.97%|proof:0.89%"
https://cto.teamstation.dev/hire/by-country/brazil/java,200,true,1350,true,59,false,2,false,73,2,4,"Corporation|BreadcrumbList|Service|FAQPage",151,1,"java:3.85%|brazil:2.44%|type:1.33%|developers:1.33%|hire:1.26%|team:1.26%|spring:1.19%|engineer:0.96%"
https://cto.teamstation.dev/hire/by-country/chile/angular,200,true,1091,true,59,false,2,false,73,2,1,"Corporation",157,1,"angular:3.85%|chile:2.2%|team:1.47%|developers:1.28%|applications:1.28%|enterprise:1.1%|proof:1.1%|engineer:1.1%"
https://cto.teamstation.dev/hire/by-country/chile/java,200,true,1107,true,59,false,2,false,73,2,1,"Corporation",150,1,"java:3.79%|chile:2.17%|team:1.45%|developers:1.26%|spring:1.08%|proof:1.08%|engineer:1.08%|build:0.9%"
https://cto.teamstation.dev/hire/by-country/brazil/net,200,true,1335,true,59,false,2,false,73,2,4,"Corporation|BreadcrumbList|Service|FAQPage",157,1,"net:4.79%|brazil:2.47%|type:1.35%|developers:1.35%|core:1.35%|hire:1.27%|team:1.27%|engineer:0.97%"
https://cto.teamstation.dev/hire/by-country/brazil/nextjs,200,true,1350,true,59,false,2,false,73,2,4,"Corporation|BreadcrumbList|Service|FAQPage",164,1,"next:4%|brazil:2.44%|type:1.33%|developers:1.33%|hire:1.26%|team:1.26%|engineer:0.96%|proof:0.89%"
https://cto.teamstation.dev/hire/by-country/chile/go,200,true,1065,true,59,false,2,false,73,2,1,"Corporation",165,1,"chile:2.25%|team:1.5%|developers:1.31%|proof:1.13%|model:1.13%|engineer:1.13%|services:0.94%|build:0.94%"
https://cto.teamstation.dev/hire/by-country/brazil,200,true,2616,false,70,false,248,false,103,2,4,"Corporation|BreadcrumbList|Service|FAQPage",110,1,"brazil:1.64%|hire:1.26%|developers:1.19%|explore:0.99%|roles:0.99%|talent:0.88%|security:0.84%|data:0.84%"
https://cto.teamstation.dev/hire/by-country/brazil/node,200,true,1336,true,59,false,2,false,73,2,4,"Corporation|BreadcrumbList|Service|FAQPage",159,1,"node:3.74%|brazil:2.47%|type:1.35%|developers:1.35%|hire:1.27%|team:1.27%|engineer:0.97%|proof:0.9%"
https://cto.teamstation.dev/hire/by-country/chile/net,200,true,1093,true,59,false,2,false,73,2,1,"Corporation",156,1,"net:4.76%|chile:2.2%|team:1.46%|developers:1.28%|core:1.28%|proof:1.1%|engineer:1.1%|build:0.91%"
https://cto.teamstation.dev/hire/by-country/chile/nextjs,200,true,1107,true,59,false,2,false,73,2,1,"Corporation",163,1,"next:4.16%|chile:2.17%|team:1.45%|developers:1.26%|proof:1.08%|engineer:1.08%|build:0.9%|tco:0.9%"
https://cto.teamstation.dev/hire/by-country/brazil/python,200,true,1308,true,59,false,2,false,73,2,4,"Corporation|BreadcrumbList|Service|FAQPage",158,1,"python:4.51%|brazil:2.52%|type:1.38%|developers:1.38%|hire:1.3%|team:1.15%|engineer:0.99%|senior:0.92%"
https://cto.teamstation.dev/hire/by-country/chile/node,200,true,1093,true,59,false,2,false,73,2,1,"Corporation",158,1,"node:3.84%|chile:2.2%|team:1.46%|developers:1.28%|proof:1.1%|engineer:1.1%|tco:0.91%|hire:0.82%"
https://cto.teamstation.dev/hire/by-country/chile,200,true,2498,false,70,false,248,false,103,2,4,"Corporation|BreadcrumbList|Service|FAQPage",107,1,"chile:1.8%|hire:1.32%|developers:1.2%|explore:1.2%|roles:1.04%|security:0.88%|type:0.76%|eor:0.76%"
https://cto.teamstation.dev/hire/by-country/chile/python,200,true,1217,true,59,false,2,false,73,2,1,"Corporation",183,1,"python:3.78%|chile:1.97%|team:1.48%|developers:1.15%|build:1.15%|proof:0.99%|engineer:0.99%|secure:0.82%"
https://cto.teamstation.dev/hire/by-country/chile/vue,200,true,1109,true,59,false,2,false,73,2,1,"Corporation",147,1,"vue:4.69%|chile:2.16%|team:1.44%|developers:1.26%|proof:1.08%|engineer:1.08%|tco:0.9%|hire:0.81%"
https://cto.teamstation.dev/hire/by-country/chile/react,200,true,1227,true,59,false,2,false,73,2,1,"Corporation",160,1,"react:4.07%|chile:1.96%|developers:1.14%|team:1.14%|proof:0.98%|engineer:0.98%|build:0.98%|secure:0.81%"
https://cto.teamstation.dev/hire/by-country/colombia/angular,200,true,1347,true,59,false,2,false,73,2,4,"Corporation|Service|BreadcrumbList|FAQPage",160,1,"angular:3.93%|colombia:2.52%|type:1.34%|hire:1.34%|developers:1.34%|team:1.26%|applications:1.19%|enterprise:0.97%"
https://cto.teamstation.dev/hire/by-country/colombia/go,200,true,1318,true,59,false,2,false,73,2,4,"Corporation|Service|BreadcrumbList|FAQPage",168,1,"colombia:2.58%|type:1.37%|hire:1.37%|developers:1.37%|team:1.29%|model:0.99%|engineer:0.99%|services:0.91%"
https://cto.teamstation.dev/hire/by-country/colombia/java,200,true,1368,true,59,false,2,false,73,2,4,"Corporation|Service|BreadcrumbList|FAQPage",153,1,"java:3.87%|colombia:2.49%|type:1.32%|hire:1.32%|developers:1.32%|team:1.24%|spring:1.17%|engineer:0.95%"
https://cto.teamstation.dev/hire/by-country/colombia/net,200,true,1353,true,59,false,2,false,73,2,4,"Corporation|Service|BreadcrumbList|FAQPage",159,1,"net:4.8%|colombia:2.51%|type:1.33%|hire:1.33%|developers:1.33%|core:1.33%|team:1.26%|engineer:0.96%"
https://cto.teamstation.dev/hire/by-country/colombia/nextjs,200,true,1347,true,59,false,2,false,73,2,4,"Corporation|BreadcrumbList|Service|FAQPage",166,1,"next:4.01%|colombia:2.45%|type:1.34%|developers:1.34%|hire:1.26%|team:1.26%|engineer:0.97%|proof:0.89%"
https://cto.teamstation.dev/hire/by-country/colombia/node,200,true,1333,true,59,false,2,false,73,2,4,"Corporation|BreadcrumbList|Service|FAQPage",161,1,"node:3.75%|colombia:2.48%|type:1.35%|developers:1.35%|hire:1.28%|team:1.28%|engineer:0.98%|proof:0.9%"
https://cto.teamstation.dev/hire/by-country/colombia,200,true,2625,false,69,false,248,false,103,2,4,"Corporation|BreadcrumbList|Service|FAQPage",123,1,"colombia:1.52%|developers:1.33%|hire:1.26%|security:0.99%|explore:0.99%|roles:0.99%|talent:0.91%|team:0.84%"
https://cto.teamstation.dev/hire/by-country/colombia/python,200,true,1326,true,59,false,2,false,73,2,4,"Corporation|Service|BreadcrumbList|FAQPage",160,1,"python:4.52%|colombia:2.56%|type:1.36%|hire:1.36%|developers:1.36%|team:1.13%|engineer:0.98%|senior:0.9%"
https://cto.teamstation.dev/hire/by-country/colombia/react,200,true,1313,true,59,false,2,false,73,2,4,"Corporation|Service|BreadcrumbList|FAQPage",163,1,"react:4.57%|colombia:2.59%|type:1.37%|hire:1.37%|developers:1.37%|team:1.29%|engineer:0.99%|proof:0.91%"
https://cto.teamstation.dev/hire/by-country/colombia/vue,200,true,1343,true,59,false,2,false,73,2,4,"Corporation|BreadcrumbList|Service|FAQPage",150,1,"vue:4.77%|colombia:2.46%|type:1.34%|developers:1.34%|hire:1.27%|team:1.27%|engineer:0.97%|proof:0.89%"
https://cto.teamstation.dev/hire/by-country/costa-rica/angular,200,true,1003,true,59,false,2,false,73,2,1,"Corporation",176,1,"angular:3.79%|costa:3.39%|rica:2.59%|team:1.6%|developers:1.4%|enterprise:1.2%|applications:1.2%|build:1.2%"
https://cto.teamstation.dev/hire/by-country/costa-rica/guatemala,308,false,0,false,0,false,0,true,0,0,0,"",0,0,""
https://cto.teamstation.dev/hire/by-country/costa-rica/go,200,true,989,true,59,false,2,false,73,2,1,"Corporation",181,1,"costa:3.44%|rica:2.63%|developers:1.42%|team:1.42%|model:1.21%|build:1.01%|proof:1.01%|building:1.01%"
https://cto.teamstation.dev/hire/by-country/costa-rica/java,200,true,1029,true,59,false,2,false,73,2,1,"Corporation",177,1,"java:4.08%|costa:3.3%|rica:2.53%|developers:1.36%|team:1.36%|spring:1.17%|build:1.17%|enterprise:0.97%"
https://cto.teamstation.dev/hire/by-country/costa-rica/net,200,true,1029,true,59,false,2,false,73,2,1,"Corporation",183,1,"net:4.86%|costa:3.3%|rica:2.53%|developers:1.36%|team:1.36%|core:1.17%|enterprise:0.97%|proof:0.97%"
https://cto.teamstation.dev/hire/by-country/costa-rica/nextjs,200,true,1021,true,59,false,2,false,73,2,1,"Corporation",190,1,"next:3.92%|costa:3.33%|rica:2.55%|team:1.57%|developers:1.37%|proof:0.98%|build:0.98%|tco:0.98%"
https://cto.teamstation.dev/hire/by-country/costa-rica/node,200,true,1015,true,59,false,2,false,73,2,1,"Corporation",185,1,"node:3.74%|costa:3.35%|rica:2.56%|team:1.58%|developers:1.38%|secure:0.99%|build:0.99%|tco:0.99%"
https://cto.teamstation.dev/hire/by-country/costa-rica/python,200,true,1031,true,59,false,2,false,73,2,1,"Corporation",167,1,"python:3.88%|costa:3.3%|rica:2.52%|team:1.55%|developers:1.36%|enterprise:1.16%|build:1.16%|tco:0.97%"
https://cto.teamstation.dev/hire/by-country/costa-rica,200,true,2556,false,69,false,248,false,103,2,4,"Corporation|BreadcrumbList|Service|FAQPage",105,1,"costa:2.07%|rica:1.64%|hire:1.29%|explore:1.17%|developers:1.13%|roles:1.02%|security:0.94%|talent:0.94%"
https://cto.teamstation.dev/hire/by-country/costa-rica/react,200,true,1021,true,59,false,2,false,73,2,1,"Corporation",177,1,"react:4.31%|costa:3.33%|rica:2.55%|team:1.57%|developers:1.37%|build:1.18%|proof:0.98%|state:0.98%"
https://cto.teamstation.dev/hire/by-country/costa-rica/vue,200,true,1007,true,59,false,2,false,73,2,1,"Corporation",174,1,"vue:4.77%|costa:3.38%|rica:2.58%|team:1.59%|developers:1.39%|proof:0.99%|tco:0.99%|platform:0.79%"
https://cto.teamstation.dev/hire/by-country/ecuador/angular,200,true,1093,true,59,false,2,false,73,2,1,"Corporation",159,1,"angular:3.84%|ecuador:2.2%|team:1.46%|developers:1.28%|applications:1.28%|enterprise:1.1%|proof:1.1%|engineer:1.1%"
https://cto.teamstation.dev/hire/by-country/ecuador/java,200,true,1109,true,59,false,2,false,73,2,1,"Corporation",152,1,"java:3.79%|ecuador:2.16%|team:1.44%|developers:1.26%|spring:1.08%|proof:1.08%|engineer:1.08%|build:0.9%"
https://cto.teamstation.dev/hire/by-country/ecuador/go,200,true,1067,true,59,false,2,false,73,2,1,"Corporation",167,1,"ecuador:2.25%|team:1.5%|developers:1.31%|proof:1.12%|model:1.12%|engineer:1.12%|services:0.94%|build:0.94%"
https://cto.teamstation.dev/hire/by-country/ecuador/net,200,true,1095,true,59,false,2,false,73,2,1,"Corporation",158,1,"net:4.75%|ecuador:2.19%|team:1.46%|developers:1.28%|core:1.28%|proof:1.1%|engineer:1.1%|build:0.91%"
https://cto.teamstation.dev/hire/by-country/ecuador/nextjs,200,true,1109,true,59,false,2,false,73,2,1,"Corporation",165,1,"next:4.15%|ecuador:2.16%|team:1.44%|developers:1.26%|proof:1.08%|engineer:1.08%|build:0.9%|tco:0.9%"
https://cto.teamstation.dev/hire/by-country/ecuador/node,200,true,1095,true,59,false,2,false,73,2,1,"Corporation",160,1,"node:3.84%|ecuador:2.19%|team:1.46%|developers:1.28%|proof:1.1%|engineer:1.1%|tco:0.91%|hire:0.82%"
https://cto.teamstation.dev/hire/by-country/ecuador,200,true,2502,false,69,false,248,false,103,2,4,"Corporation|BreadcrumbList|Service|FAQPage",97,1,"ecuador:1.76%|hire:1.36%|developers:1.32%|explore:1.04%|roles:1.04%|security:0.96%|cost:0.8%|type:0.76%"
https://cto.teamstation.dev/hire/by-country/ecuador/python,200,true,1219,true,59,false,2,false,73,2,1,"Corporation",173,1,"python:3.77%|ecuador:1.97%|team:1.48%|developers:1.15%|build:1.15%|proof:0.98%|engineer:0.98%|secure:0.82%"
https://cto.teamstation.dev/hire/by-country/ecuador/vue,200,true,1111,true,59,false,2,false,73,2,1,"Corporation",149,1,"vue:4.68%|ecuador:2.16%|team:1.44%|developers:1.26%|proof:1.08%|engineer:1.08%|tco:0.9%|hire:0.81%"
https://cto.teamstation.dev/hire/by-country/ecuador/react,200,true,1229,true,59,false,2,false,73,2,1,"Corporation",176,1,"react:4.07%|ecuador:1.95%|developers:1.14%|team:1.14%|proof:0.98%|engineer:0.98%|build:0.98%|secure:0.81%"
https://cto.teamstation.dev/hire/by-country/guatemala/angular,200,true,1200,true,59,false,2,false,73,2,4,"Corporation|BreadcrumbList|Service|FAQPage",164,1,"angular:4.17%|guatemala:3.17%|type:1.5%|developers:1.5%|hire:1.42%|team:1.25%|name:0.92%|building:0.83%"
https://cto.teamstation.dev/hire/by-country/guatemala/go,200,true,1166,true,59,false,2,false,73,2,4,"Corporation|BreadcrumbList|Service|FAQPage",172,1,"guatemala:3.26%|type:1.54%|developers:1.54%|hire:1.46%|team:1.29%|model:1.11%|name:0.94%|building:0.86%"
https://cto.teamstation.dev/hire/by-country/guatemala/java,200,true,1223,true,59,false,2,false,73,2,4,"Corporation|BreadcrumbList|Service|FAQPage",157,1,"java:4.25%|guatemala:3.11%|type:1.47%|developers:1.47%|hire:1.39%|team:1.39%|spring:0.98%|build:0.98%"
https://cto.teamstation.dev/hire/by-country/guatemala/net,200,true,1232,true,59,false,2,false,73,2,4,"Corporation|BreadcrumbList|Service|FAQPage",163,1,"net:5.03%|guatemala:3.08%|type:1.46%|developers:1.46%|hire:1.38%|core:1.3%|team:1.22%|name:0.89%"
https://cto.teamstation.dev/hire/by-country/guatemala/nextjs,200,true,1203,true,59,false,2,false,73,2,4,"Corporation|BreadcrumbList|Service|FAQPage",170,1,"next:4.32%|guatemala:3.16%|type:1.5%|developers:1.5%|hire:1.25%|team:1.08%|data:1%|name:0.91%"
https://cto.teamstation.dev/hire/by-country/guatemala/node,200,true,1221,true,59,false,2,false,73,2,4,"Corporation|BreadcrumbList|Service|FAQPage",165,1,"node:3.77%|guatemala:3.11%|type:1.47%|developers:1.47%|hire:1.39%|team:1.39%|name:0.9%|senior:0.82%"
https://cto.teamstation.dev/hire/by-country/guatemala,200,true,2489,false,68,false,248,false,103,2,4,"Corporation|BreadcrumbList|Service|FAQPage",107,1,"guatemala:2.17%|hire:1.37%|developers:1.25%|explore:1.04%|roles:1.04%|security:0.96%|time:0.8%|type:0.76%"
https://cto.teamstation.dev/hire/by-country/guatemala/python,200,true,1331,true,59,false,2,false,73,2,4,"Corporation|BreadcrumbList|Service|FAQPage",164,1,"python:4.13%|guatemala:2.85%|team:1.43%|type:1.35%|developers:1.35%|hire:1.13%|proof:0.9%|name:0.83%"
https://cto.teamstation.dev/hire/by-country/guatemala/react,200,true,1196,true,59,false,2,false,73,2,4,"Corporation|BreadcrumbList|Service|FAQPage",157,1,"react:4.77%|guatemala:3.18%|type:1.51%|developers:1.51%|hire:1.25%|team:1.09%|name:0.92%|applications:0.84%"
https://cto.teamstation.dev/hire/by-country/guatemala/vue,200,true,1205,true,59,false,2,false,73,2,4,"Corporation|BreadcrumbList|Service|FAQPage",154,1,"vue:5.15%|guatemala:3.15%|type:1.49%|developers:1.49%|hire:1.41%|team:1.24%|name:0.91%|proof:0.83%"
https://cto.teamstation.dev/hire/by-country/mexico/angular,200,true,1346,true,59,false,2,false,73,2,4,"Corporation|BreadcrumbList|Service|FAQPage",158,1,"angular:3.86%|mexico:2.23%|type:1.34%|developers:1.34%|hire:1.26%|team:1.26%|applications:1.19%|enterprise:0.97%"
https://cto.teamstation.dev/hire/by-country/mexico/go,200,true,1303,true,59,false,2,false,73,2,4,"Corporation|BreadcrumbList|Service|FAQPage",166,1,"mexico:2.3%|type:1.38%|developers:1.38%|hire:1.3%|team:1.3%|model:1%|engineer:1%|services:0.92%"
https://cto.teamstation.dev/hire/by-country/mexico/java,200,true,1367,true,59,false,2,false,73,2,4,"Corporation|BreadcrumbList|Service|FAQPage",151,1,"java:3.8%|mexico:2.19%|type:1.32%|developers:1.32%|hire:1.24%|team:1.24%|spring:1.17%|engineer:0.95%"
https://cto.teamstation.dev/hire/by-country/mexico/net,200,true,1352,true,59,false,2,false,73,2,4,"Corporation|BreadcrumbList|Service|FAQPage",157,1,"net:4.73%|mexico:2.22%|type:1.33%|developers:1.33%|core:1.33%|hire:1.26%|team:1.26%|engineer:0.96%"
https://cto.teamstation.dev/hire/by-country/mexico/nextjs,200,true,1367,true,59,false,2,false,73,2,4,"Corporation|BreadcrumbList|Service|FAQPage",164,1,"next:3.95%|mexico:2.19%|type:1.32%|developers:1.32%|hire:1.24%|team:1.24%|engineer:0.95%|proof:0.88%"
https://cto.teamstation.dev/hire/by-country/mexico/node,200,true,1338,true,59,false,2,false,73,2,4,"Corporation|BreadcrumbList|Service|FAQPage",159,1,"node:3.74%|mexico:2.24%|type:1.35%|developers:1.35%|hire:1.27%|team:1.27%|engineer:0.97%|proof:0.9%"
https://cto.teamstation.dev/hire/by-country/mexico,200,true,2530,false,69,false,248,false,98,2,4,"Corporation|BreadcrumbList|Service|FAQPage",126,1,"mexico:1.7%|hire:1.38%|roles:1.23%|developers:1.11%|explore:1.03%|security:0.83%|team:0.79%|type:0.75%"
https://cto.teamstation.dev/hire/by-country/mexico/python,200,true,1476,true,59,false,2,false,73,2,4,"Corporation|BreadcrumbList|Service|FAQPage",158,1,"python:3.86%|mexico:2.24%|team:1.29%|type:1.22%|developers:1.22%|hire:1.15%|build:0.95%|engineer:0.88%"
https://cto.teamstation.dev/hire/by-country/mexico/react,200,true,1497,true,59,false,2,false,73,2,4,"Corporation|BreadcrumbList|Service|FAQPage",161,1,"react:4.07%|mexico:2%|type:1.2%|developers:1.2%|hire:1.14%|team:1%|engineer:0.87%|proof:0.8%"
https://cto.teamstation.dev/hire/by-country,200,true,725,true,59,false,105,false,82,2,1,"Corporation",121,1,"talent:5.52%|pool:1.93%|strong:1.93%|tech:1.93%|hub:1.79%|latam:1.38%|market:1.38%|growing:1.38%"
https://cto.teamstation.dev/hire/by-country/mexico/vue,200,true,1348,true,59,false,2,false,73,2,4,"Corporation|BreadcrumbList|Service|FAQPage",148,1,"vue:4.75%|mexico:2.23%|type:1.34%|developers:1.34%|hire:1.26%|team:1.26%|engineer:0.96%|proof:0.89%"
https://cto.teamstation.dev/hire/by-country/peru/angular,200,true,1091,true,59,false,2,false,73,2,1,"Corporation",156,1,"angular:3.85%|peru:2.2%|team:1.47%|developers:1.28%|applications:1.28%|enterprise:1.1%|proof:1.1%|engineer:1.1%"
https://cto.teamstation.dev/hire/by-country/peru/go,200,true,1065,true,59,false,2,false,73,2,1,"Corporation",164,1,"peru:2.25%|team:1.5%|developers:1.31%|proof:1.13%|model:1.13%|engineer:1.13%|services:0.94%|build:0.94%"
https://cto.teamstation.dev/hire/by-country/peru/java,200,true,1107,true,59,false,2,false,73,2,1,"Corporation",149,1,"java:3.79%|peru:2.17%|team:1.45%|developers:1.26%|spring:1.08%|proof:1.08%|engineer:1.08%|build:0.9%"
https://cto.teamstation.dev/hire/by-country/peru/net,200,true,1093,true,59,false,2,false,73,2,1,"Corporation",155,1,"net:4.76%|peru:2.2%|team:1.46%|developers:1.28%|core:1.28%|proof:1.1%|engineer:1.1%|build:0.91%"
https://cto.teamstation.dev/hire/by-country/peru/node,200,true,1093,true,59,false,2,false,73,2,1,"Corporation",157,1,"node:3.84%|peru:2.2%|team:1.46%|developers:1.28%|proof:1.1%|engineer:1.1%|tco:0.91%|hire:0.82%"
https://cto.teamstation.dev/hire/by-country/peru/nextjs,200,true,1107,true,59,false,2,false,73,2,1,"Corporation",162,1,"next:4.16%|peru:2.17%|team:1.45%|developers:1.26%|proof:1.08%|engineer:1.08%|build:0.9%|tco:0.9%"
https://cto.teamstation.dev/hire/by-country/peru,200,true,2443,false,69,false,248,false,103,2,4,"Corporation|BreadcrumbList|Service|FAQPage",115,1,"peru:1.8%|hire:1.43%|developers:1.31%|explore:1.15%|roles:1.06%|security:0.9%|type:0.78%|overlap:0.78%"
https://cto.teamstation.dev/hire/by-country/peru/python,200,true,1217,true,59,false,2,false,73,2,1,"Corporation",170,1,"python:3.78%|peru:1.97%|team:1.48%|developers:1.15%|build:1.15%|proof:0.99%|engineer:0.99%|secure:0.82%"
https://cto.teamstation.dev/hire/by-country/peru/vue,200,true,1109,true,59,false,2,false,73,2,1,"Corporation",146,1,"vue:4.69%|peru:2.16%|team:1.44%|developers:1.26%|proof:1.08%|engineer:1.08%|tco:0.9%|hire:0.81%"
https://cto.teamstation.dev/hire/by-country/peru/react,200,true,1227,true,59,false,2,false,73,2,1,"Corporation",173,1,"react:4.07%|peru:1.96%|developers:1.14%|team:1.14%|proof:0.98%|engineer:0.98%|build:0.98%|secure:0.81%"
https://cto.teamstation.dev/hire/by-country/uruguay/angular,200,true,967,true,59,false,2,false,73,2,1,"Corporation",175,1,"angular:3.93%|uruguay:2.69%|developers:1.45%|team:1.45%|applications:1.24%|risk:1.24%|build:1.24%|enterprise:1.03%"
https://cto.teamstation.dev/hire/by-country/uruguay/go,200,true,949,true,59,false,2,false,73,2,1,"Corporation",172,1,"uruguay:2.74%|developers:1.48%|team:1.48%|model:1.26%|stable:1.05%|build:1.05%|systems:1.05%|talent:1.05%"
https://cto.teamstation.dev/hire/by-country/uruguay/java,200,true,1003,true,59,false,2,false,73,2,1,"Corporation",168,1,"java:3.99%|uruguay:2.59%|developers:1.4%|team:1.4%|spring:1.2%|talent:1.2%|build:1.2%|systems:1%"
https://cto.teamstation.dev/hire/by-country/uruguay/net,200,true,999,true,59,false,2,false,73,2,1,"Corporation",174,1,"net:5.01%|uruguay:2.6%|developers:1.4%|team:1.4%|core:1.2%|talent:1.2%|risk:1%|proof:1%"
https://cto.teamstation.dev/hire/by-country/uruguay/nextjs,200,true,965,true,59,false,2,false,73,2,1,"Corporation",181,1,"next:4.35%|uruguay:2.69%|developers:1.45%|team:1.24%|talent:1.04%|proof:1.04%|risk:1.04%|data:1.04%"
https://cto.teamstation.dev/hire/by-country/uruguay/node,200,true,977,true,59,false,2,false,73,2,1,"Corporation",176,1,"node:3.89%|uruguay:2.87%|team:1.64%|developers:1.43%|proof:1.02%|risk:1.02%|build:1.02%|tco:1.02%"
https://cto.teamstation.dev/hire/by-country/uruguay/python,200,true,963,true,59,false,2,false,73,2,1,"Corporation",159,1,"python:4.15%|uruguay:2.91%|team:1.66%|developers:1.25%|build:1.25%|stable:1.04%|tco:1.04%|talent:0.83%"
https://cto.teamstation.dev/hire/by-country/uruguay,200,true,2473,false,69,false,248,false,103,2,4,"Corporation|BreadcrumbList|Service|FAQPage",102,1,"uruguay:1.9%|hire:1.33%|developers:1.29%|explore:1.13%|roles:1.05%|security:0.97%|type:0.77%|talent:0.73%"
https://cto.teamstation.dev/hire/by-country/uruguay/react,200,true,983,true,59,false,2,false,73,2,1,"Corporation",160,1,"react:4.48%|uruguay:2.64%|team:1.83%|developers:1.42%|build:1.22%|talent:1.02%|proof:1.02%|state:1.02%"
https://cto.teamstation.dev/hire/by-country/uruguay/vue,200,true,969,true,59,false,2,false,73,2,1,"Corporation",165,1,"vue:4.95%|uruguay:2.68%|team:1.65%|developers:1.44%|talent:1.24%|risk:1.24%|build:1.03%|proof:1.03%"
https://cto.teamstation.dev/hire/by-role,200,true,717,true,67,false,4,false,94,2,1,"Corporation",140,1,"roles:3.35%|proof:3.07%|explore:3.07%|see:2.79%|engineering:1.67%|data:1.39%|business:1.12%|management:1.12%"
https://cto.teamstation.dev/hire/by-team-topologies,200,true,625,true,64,false,4,false,74,2,1,"Corporation",115,1,"team:3.52%|platform:2.56%|teams:1.6%|cognitive:1.28%|structure:0.96%|control:0.96%|right:0.96%|topologies:0.96%"
https://cto.teamstation.dev/hire,200,true,315,true,62,false,206,false,71,2,1,"Corporation",128,1,"hire:5.08%|specific:3.17%|explore:2.54%|options:2.54%|team:2.54%|build:1.9%|need:1.9%|developer:1.27%"
https://cto.teamstation.dev/hire/by-technology,200,true,595,true,193,false,93,false,228,2,1,"Corporation",112,1,"role:6.05%|data:2.35%|holding:1.68%|back:1.68%|cloud:1.68%|hiring:1.34%|business:1.34%|backend:1.01%"
https://cto.teamstation.dev/,200,true,602,true,65,false,248,false,75,2,3,"Corporation|WebSite|Organization",38,1,"one:1.5%|teamstation:1.33%|vendor:1.33%|case:1.33%|https:1.16%|hiring:1%|read:1%|study:1%"
https://cto.teamstation.dev/platform,200,true,839,true,60,false,3,false,68,2,1,"Corporation",128,1,"platform:2.15%|latam:1.91%|nearshore:1.67%|proof:1.67%|one:1.43%|key:1.43%|technologies:1.43%|teamstation:1.43%"
https://cto.teamstation.dev/playbook/bias-free-technical-hiring-axiom-cortex,200,true,1348,true,61,false,248,false,74,2,2,"Corporation|FAQPage",143,1,"hiring:3.12%|process:2.23%|cognitive:1.48%|cortex:1.19%|evidence:1.19%|candidate:1.11%|data:1.04%|scientific:1.04%"
https://cto.teamstation.dev/playbook/cto-outsourcing-risk-mitigation,200,true,1250,true,60,false,248,false,79,2,1,"Corporation",168,1,"risk:4%|outsourcing:2.4%|cto:2.08%|data:2.08%|mitigation:1.44%|hire:1.28%|model:1.28%|candidates:1.28%"
https://cto.teamstation.dev/playbook/build-vs-buy,200,true,1105,true,60,false,248,false,74,2,2,"Corporation|FAQPage",197,1,"cost:1.9%|team:1.45%|build:1.27%|hidden:1.27%|buy:1.18%|operational:1.09%|model:1.09%|lower:0.9%"
https://cto.teamstation.dev/playbook/latam-economics,200,true,39,true,58,false,248,false,64,2,1,"Corporation",38,0,"playbook:2.56%|chapter:2.56%|latam-economics:2.56%|authoritative:2.56%|long-form:2.56%|analysis:2.56%|been:2.56%|validated:2.56%"
https://cto.teamstation.dev/playbook/hub,200,true,688,true,59,false,248,false,72,2,1,"Corporation",121,1,"proof:2.91%|playbook:2.03%|model:1.74%|nearshore:1.45%|build:1.45%|read:1.45%|one:1.45%|case:1.16%"
https://cto.teamstation.dev/playbook/nearshore-vs-offshore,200,true,685,true,57,false,248,false,68,2,2,"Corporation|FAQPage",178,1,"latency:1.9%|nearshore:1.75%|cost:1.46%|offshore:1.31%|cto:1.17%|tax:1.17%|use:1.17%|overlap:1.02%"
https://cto.teamstation.dev/playbook/new-gen-nearshore,200,true,504,true,60,false,1,false,71,2,2,"Corporation|FAQPage",115,1,"type:2.78%|nearshore:2.38%|co-pilot:1.98%|cost:1.59%|overhead:1.59%|hidden:1.59%|compliance:1.59%|daylight:1.59%"
https://cto.teamstation.dev/playbook,200,true,133,true,59,false,1,false,70,2,1,"Corporation",87,1,"cto:5.26%|compliance:3.01%|tco:3.01%|nearshore:3.01%|playbookthis:1.5%|hub:1.5%|strategic:1.5%|content:1.5%"
https://cto.teamstation.dev/playbook/tco-model,200,true,1420,true,61,false,248,false,75,2,2,"Corporation|FAQPage",124,1,"cost:1.97%|computational:1.83%|question:1.55%|cfo:1.55%|solution:1.55%|gain:1.55%|pain:1.41%|problem:1.41%"
https://cto.teamstation.dev/privacy-policy,200,true,574,true,57,false,248,false,68,2,1,"Corporation",123,1,"information:4.53%|privacy:3.14%|policy:2.44%|teamstation:1.74%|use:1.74%|website:1.74%|site:1.74%|collect:1.39%"
https://cto.teamstation.dev/pricing,200,true,782,true,62,false,248,false,80,2,2,"Corporation|Service",106,1,"https:1.79%|hour:1.53%|latam:1.28%|type:1.15%|cto:1.15%|teamstation:1.15%|dev:1.15%|starting:1.02%"
https://cto.teamstation.dev/research/framework-for-measuring-capacity,200,true,239,true,58,false,248,false,67,2,2,"Corporation|ScholarlyArticle",158,1,"engineering:3.35%|team:3.35%|research:2.93%|type:2.51%|capacity:2.51%|teamstation:2.51%|measuring:2.09%|https:1.67%"
https://cto.teamstation.dev/process,200,true,741,true,59,false,9,false,67,2,1,"Corporation",117,1,"artifact:2.7%|hiring:1.35%|mdm:1.35%|compliance:1.08%|days:1.08%|cognitive:1.08%|proof:1.08%|accountable:0.81%"
https://cto.teamstation.dev/research/heuristically-trained-ai,200,true,611,true,57,false,2,false,66,2,2,"Corporation|BreadcrumbList|ScholarlyArticle",146,1,"trained:2.62%|model:1.96%|research:1.31%|generic:1.31%|candidate:1.31%|statistical:1.31%|just:1.31%|type:1.15%"
https://cto.teamstation.dev/research/axiom-cortex-scientific-report,200,true,1204,true,58,false,248,false,66,2,2,"Corporation|ScholarlyArticle",128,1,"algorithm:3.32%|scores:1.5%|score:1.16%|candidate:1%|trait:1%|core:0.83%|algorithms:0.83%|jargon:0.83%"
https://cto.teamstation.dev/research/hub/axiom-cortex-scientific-report,200,true,269,true,58,false,1,false,66,2,1,"Corporation",127,1,"research:2.23%|scientific:2.23%|evaluation:2.23%|core:2.23%|bias:2.23%|nlp:2.23%|engine:1.49%|mitigation:1.49%"
https://cto.teamstation.dev/research/hub,200,true,700,true,60,false,248,false,72,2,2,"Corporation|BreadcrumbList",211,1,"research:2.86%|predictable:2%|nearshore:2%|model:2%|vendor:1.71%|engineering:1.71%|scientific:1.71%|chaos:1.43%"
https://cto.teamstation.dev/research/performance-evaluation-framework,200,true,1202,true,59,false,8,false,67,2,1,"Corporation",134,1,"performance:2%|engineer:1.5%|growth:1.33%|engineers:1.16%|proof:1.16%|success:1%|scale:1%|bars:1%"
https://cto.teamstation.dev/research/performance-evaluation-report-example,200,true,636,true,58,false,2,false,66,2,2,"Corporation|BreadcrumbList|ScholarlyArticle",174,1,"performance:2.2%|report:2.2%|team:2.2%|engineering:2.04%|business:1.89%|example:1.57%|section:1.57%|production:1.57%"
https://cto.teamstation.dev/research/performance-metrics-in-ai-age,200,true,590,true,58,false,248,false,66,2,2,"Corporation|BreadcrumbList|ScholarlyArticle",159,1,"metrics:3.39%|new:2.37%|performance:2.03%|team:2.03%|research:1.69%|measure:1.36%|code:1.36%|engineering:1.36%"
https://cto.teamstation.dev/research/platforming-nearshore-book,200,true,889,true,59,false,3,false,68,2,2,"Corporation|BreadcrumbList|Book",189,1,"book:2.7%|nearshore:2.25%|provides:2.02%|model:1.57%|predictable:1.57%|research:1.35%|building:1.35%|engineering:1.12%"
https://cto.teamstation.dev/research/technical-talent-evaluation-system,307,false,0,false,0,false,0,true,0,0,0,"",0,0,""
https://cto.teamstation.dev/services/talent-onboarding,200,true,441,true,61,false,2,false,72,2,1,"Corporation",139,1,"onboarding:4.08%|day:3.63%|proof:3.17%|new:2.72%|hire:2.27%|process:1.81%|device:1.81%|security:1.36%"
https://cto.teamstation.dev/services/integrated-services,200,true,1170,true,61,false,7,false,72,2,2,"Corporation|Service",176,1,"type:1.71%|proof:1.71%|service:1.2%|compliance:1.2%|risk:1.2%|name:1.03%|nearshore:1.03%|single:1.03%"
https://cto.teamstation.dev/sitemap,200,true,2661,false,189,false,248,false,459,2,1,"Corporation",64,1,"hire:22.7%|by-country:22.1%|comparisons:2.86%|angular:2.25%|java:2.25%|net:2.25%|nextjs:2.25%|node:2.25%"
https://cto.teamstation.dev/terms-of-service,200,true,600,true,57,false,248,false,68,2,1,"Corporation",98,1,"any:4.67%|service:3.33%|terms:3%|use:3%|teamstation:2.67%|content:1.67%|access:1.33%|other:1.33%"
https://cto.teamstation.dev/technical-interview-evaluation,200,true,8157,false,59,false,22,false,71,2,1,"Corporation",121,1,"his:1.69%|data:0.69%|model:0.64%|key:0.64%|use:0.59%|technical:0.56%|answer:0.56%|ghostevidence:0.54%"
https://cto.teamstation.dev/trust,200,true,383,true,60,false,248,false,72,2,1,"Corporation",111,1,"security:2.61%|compliance:2.61%|platform:1.57%|provide:1.57%|auditable:1.57%|nearshore:1.57%|mdm:1.57%|insurance:1.57%"
https://cto.teamstation.dev/workspace/src/app/comparisons/new-gen-nearshore,200,true,570,true,61,false,0,true,73,2,2,"Corporation|FAQPage",115,1,"type:2.46%|nearshore:2.11%|cost:1.75%|co-pilot:1.75%|overhead:1.4%|hidden:1.4%|compliance:1.4%|daylight:1.4%"
https://cto.teamstation.dev/workspace/src/app/research/performance-evaluation-report-example,200,true,185,true,60,false,0,true,72,2,1,"Corporation",38,1,"velocity:3.24%|teamstation:2.16%|cost:2.16%|compliance:2.16%|models:2.16%|security:2.16%|platform:2.16%|performance:1.62%"
https://cto.teamstation.dev/workspace/src/app/services/integrated-services,200,true,187,true,60,false,1,false,72,2,1,"Corporation",38,1,"compliance:3.21%|ctos:2.14%|cost:2.14%|velocity:2.14%|models:2.14%|security:2.14%|teamstation:2.14%|hiring:2.14%"
https://cto.teamstation.dev/hire/by-technology/actix-web,200,true,255,true,59,false,0,true,66,2,1,"Corporation",191,1,"web:7.45%|modern:5.1%|application:3.53%|backend:3.53%|actix:2.75%|ecosystem:2.35%|user:2.35%|experience:2.35%"
https://cto.teamstation.dev/hire/by-technology/airbyte,404,false,0,false,0,false,0,true,0,0,0,"",0,0,""
https://cto.teamstation.dev/hire/by-technology/airflow,200,true,242,true,59,false,1,false,66,2,1,"Corporation",178,1,"data:4.96%|airflow:2.89%|complex:2.07%|teamstation:1.65%|cron:1.24%|pipelines:1.24%|dags:1.24%|dependencies:1.24%"
https://cto.teamstation.dev/hire/by-technology/aix,200,true,160,true,59,false,1,false,66,2,1,"Corporation",88,1,"aix:7.5%|systems:4.38%|security:2.5%|experts:1.88%|teamstation:1.88%|proof:1.88%|system:1.25%|lack:1.25%"
https://cto.teamstation.dev/hire/by-technology/algol,200,true,138,true,59,false,1,false,66,2,1,"Corporation",102,1,"algol:7.97%|systems:5.8%|help:2.9%|legacy:2.9%|experts:2.17%|modernize:2.17%|teamstation:2.17%|proof:2.17%"
https://cto.teamstation.dev/hire/by-technology/amplitude,404,false,0,false,0,false,1,false,0,0,0,"",0,0,""
https://cto.teamstation.dev/hire/by-technology/android,200,true,155,true,59,false,1,false,66,2,1,"Corporation",115,1,"android:9.03%|security:3.87%|app:3.87%|latest:3.23%|experts:1.94%|features:1.94%|best:1.94%|practices:1.94%"
https://cto.teamstation.dev/hire/by-technology/angular,404,false,0,false,0,false,1,false,0,0,0,"",0,0,""
https://cto.teamstation.dev/hire/by-technology/ansible,200,true,153,true,59,false,1,false,66,2,1,"Corporation",133,1,"infrastructure:6.54%|ansible:5.23%|playbooks:2.61%|experts:1.96%|manage:1.96%|multi-cloud:1.96%|confidence:1.96%|leading:1.96%"
https://cto.teamstation.dev/hire/by-technology/ant-design,404,false,0,false,0,false,0,true,0,0,0,"",0,0,""
https://cto.teamstation.dev/hire/by-technology/apache-spark,200,true,244,true,59,false,1,false,66,2,1,"Corporation",185,1,"data:6.15%|spark:5.33%|processing:2.46%|build:1.64%|batch:1.64%|teamstation:1.64%|apache:1.23%|jobs:1.23%"
https://cto.teamstation.dev/hire/by-technology/api-gateway,200,true,160,true,59,false,1,false,66,2,1,"Corporation",113,1,"api:8.75%|gateway:5.63%|security:3.75%|apis:3.75%|latest:3.13%|features:2.5%|experts:1.88%|help:1.88%"
https://cto.teamstation.dev/hire/by-technology/api-security,200,true,161,true,59,false,1,false,66,2,1,"Corporation",106,1,"security:8.7%|api:8.07%|secure:3.11%|data:3.11%|latest:3.11%|features:2.48%|experts:1.86%|encryption:1.86%"
https://cto.teamstation.dev/hire/by-technology/apollo,404,false,0,false,0,false,0,true,0,0,0,"",0,0,""
https://cto.teamstation.dev/hire/by-technology/appcenter,404,false,0,false,0,false,0,true,0,0,0,"",0,0,""
https://cto.teamstation.dev/hire/by-technology/argocd,404,false,0,false,0,false,0,true,0,0,0,"",0,0,""
https://cto.teamstation.dev/hire/by-technology/astro,200,true,166,true,59,false,1,false,66,2,1,"Corporation",109,1,"astro:4.22%|web:4.22%|website:3.01%|latest:3.01%|security:3.01%|technologies:2.41%|experts:1.81%|help:1.81%"
https://cto.teamstation.dev/hire/by-technology/auth0,404,false,0,false,0,false,0,true,0,0,0,"",0,0,""
https://cto.teamstation.dev/hire/by-technology/aws-cost-explorer,404,false,0,false,0,false,1,false,0,0,0,"",0,0,""
https://cto.teamstation.dev/hire/by-technology/aws,200,true,207,true,59,false,248,false,66,2,1,"Corporation",190,1,"aws:2.9%|security:2.9%|infrastructure:2.42%|using:1.45%|vpc:1.45%|cloud:1.45%|experts:1.45%|finops:1.45%"
https://cto.teamstation.dev/hire/by-technology/azure,404,false,0,false,0,false,0,true,0,0,0,"",0,0,""
https://cto.teamstation.dev/hire/by-technology/axiom-cortex,200,true,163,true,59,false,1,false,66,2,1,"Corporation",124,1,"axiom:3.68%|cortex:3.68%|ai-powered:3.68%|application:3.68%|build:3.07%|cost:3.07%|help:2.45%|experts:1.84%"
https://cto.teamstation.dev/hire/by-technology/babel,200,true,242,true,59,false,0,true,66,2,1,"Corporation",199,1,"modern:4.55%|web:4.55%|frontend:3.72%|application:3.31%|babel:2.48%|user:2.48%|experience:2.48%|codebase:2.48%"
https://cto.teamstation.dev/hire/by-technology/bootstrap,404,false,0,false,0,false,0,true,0,0,0,"",0,0,""
https://cto.teamstation.dev/hire/by-technology/browserstack,404,false,0,false,0,false,0,true,0,0,0,"",0,0,""
https://cto.teamstation.dev/hire/by-technology/c-sharp,404,false,0,false,0,false,0,true,0,0,0,"",0,0,""
https://cto.teamstation.dev/hire/by-technology/census,404,false,0,false,0,false,0,true,0,0,0,"",0,0,""
https://cto.teamstation.dev/hire/by-technology/cassandra,200,true,152,true,59,false,1,false,66,2,1,"Corporation",120,1,"database:5.26%|cassandra:3.95%|data:3.95%|security:3.95%|latest:3.29%|features:2.63%|powerful:1.97%|distributed:1.97%"
https://cto.teamstation.dev/hire/by-technology/chakra-ui,404,false,0,false,0,false,0,true,0,0,0,"",0,0,""
https://cto.teamstation.dev/hire/by-technology/ci-cd,200,true,150,true,59,false,1,false,66,2,1,"Corporation",124,1,"software:7.33%|security:4%|delivery:4%|latest:3.33%|features:2.67%|experts:2%|help:2%|build:2%"
https://cto.teamstation.dev/hire/by-technology/cloudformation,200,true,153,true,59,false,1,false,66,2,1,"Corporation",140,1,"infrastructure:7.19%|cloudformation:5.23%|templates:2.61%|code:1.96%|experts:1.96%|manage:1.96%|multi-cloud:1.96%|confidence:1.96%"
https://cto.teamstation.dev/hire/by-technology/cloudzero,200,true,224,true,59,false,1,false,66,2,1,"Corporation",181,1,"cost:4.46%|cloud:2.68%|spend:2.23%|engineering:2.23%|cloudzero:1.79%|engineers:1.34%|experts:1.34%|feature:1.34%"
https://cto.teamstation.dev/hire/by-technology/codeigniter,200,true,156,true,59,false,1,false,66,2,1,"Corporation",115,1,"codeigniter:4.49%|web:3.85%|website:3.21%|latest:3.21%|security:3.21%|technologies:2.56%|powerful:1.92%|experts:1.92%"
https://cto.teamstation.dev/hire/by-technology/codepush,404,false,0,false,0,false,0,true,0,0,0,"",0,0,""
https://cto.teamstation.dev/hire/by-technology/codeql,404,false,0,false,0,false,1,false,0,0,0,"",0,0,""
https://cto.teamstation.dev/hire/by-technology/context-api,200,true,252,true,59,false,0,true,66,2,1,"Corporation",206,1,"modern:5.16%|context:3.57%|frontend:3.57%|application:3.17%|api:2.78%|react:2.38%|ecosystem:2.38%|user:2.38%"
https://cto.teamstation.dev/hire/by-technology/cpp,200,true,157,true,59,false,1,false,66,2,1,"Corporation",128,1,"memory:3.18%|systems:2.55%|management:1.91%|engineers:1.91%|teamstation:1.91%|proof:1.91%|hire:1.27%|language:1.27%"
https://cto.teamstation.dev/hire/by-technology/crowdstrike,404,false,0,false,0,false,0,true,0,0,0,"",0,0,""
https://cto.teamstation.dev/hire/by-technology/css,404,false,0,false,0,false,0,true,0,0,0,"",0,0,""
https://cto.teamstation.dev/hire/by-technology/cypress,200,true,149,true,59,false,0,true,66,2,1,"Corporation",111,1,"tests:4.7%|cypress:4.03%|testing:3.36%|latest:3.36%|security:3.36%|end-to-end:2.68%|powerful:2.01%|experts:2.01%"
https://cto.teamstation.dev/hire/by-technology/dart,200,true,161,true,59,false,1,false,66,2,1,"Corporation",108,1,"dart:3.73%|applications:2.48%|user:2.48%|backend:2.48%|teamstation:1.86%|proof:1.86%|language:1.24%|asynchronous:1.24%"
https://cto.teamstation.dev/hire/by-technology/data-engineering,200,true,248,true,59,false,2,false,66,2,1,"Corporation",180,1,"data:12.1%|teamstation:1.61%|team:1.61%|engineering:1.21%|models:1.21%|build:1.21%|pipelines:1.21%|proof:1.21%"
https://cto.teamstation.dev/hire/by-technology/data-governance,404,false,0,false,0,false,0,true,0,0,0,"",0,0,""
https://cto.teamstation.dev/hire/by-technology/data-science,200,true,229,true,59,false,1,false,66,2,1,"Corporation",186,1,"data:6.11%|business:3.49%|teamstation:1.75%|science:1.31%|scientist:1.31%|noise:1.31%|based:1.31%|statistical:1.31%"
https://cto.teamstation.dev/hire/by-technology/data-warehousing,404,false,0,false,0,false,0,true,0,0,0,"",0,0,""
https://cto.teamstation.dev/hire/by-technology/datahub,404,false,0,false,0,false,1,false,0,0,0,"",0,0,""
https://cto.teamstation.dev/hire/by-technology/dbt,200,true,246,true,59,false,248,false,66,2,1,"Corporation",182,1,"data:4.47%|dbt:3.66%|analytics:2.44%|sql:2.44%|business:2.03%|use:1.63%|logic:1.63%|teamstation:1.63%"
https://cto.teamstation.dev/hire/by-technology/detox,404,false,0,false,0,false,0,true,0,0,0,"",0,0,""
https://cto.teamstation.dev/hire/by-technology/devops-engineering,200,true,169,true,59,false,248,false,66,2,1,"Corporation",171,1,"devops:2.37%|cloud-native:1.78%|teamstation:1.78%|using:1.78%|build:1.78%|proof:1.78%|infrastructure:1.78%|cloud:1.78%"
https://cto.teamstation.dev/hire/by-technology/django,200,true,154,true,59,false,1,false,66,2,1,"Corporation",110,1,"django:4.55%|web:3.9%|website:3.25%|latest:3.25%|security:3.25%|technologies:2.6%|powerful:1.95%|experts:1.95%"
https://cto.teamstation.dev/hire/by-technology/docker,200,true,151,true,59,false,1,false,66,2,1,"Corporation",120,1,"docker:3.97%|latest:3.31%|security:3.31%|containerization:2.65%|applications:2.65%|difficult:2.65%|powerful:1.99%|experts:1.99%"
https://cto.teamstation.dev/hire/by-technology/domain-driven-design,200,true,170,true,59,false,1,false,66,2,1,"Corporation",126,1,"design:8.24%|software:7.65%|driven:4.71%|domain:4.12%|latest:2.94%|security:2.94%|powerful:1.76%|experts:1.76%"
https://cto.teamstation.dev/hire/by-technology/dvc,200,true,159,true,59,false,1,false,66,2,1,"Corporation",113,1,"machine:5.03%|learning:5.03%|data:4.4%|dvc:3.77%|security:3.77%|latest:3.14%|experiment:2.52%|features:2.52%"
https://cto.teamstation.dev/hire/by-technology/dynamodb,200,true,153,true,59,false,1,false,66,2,1,"Corporation",113,1,"database:5.23%|dynamodb:3.92%|data:3.92%|security:3.92%|latest:3.27%|features:2.61%|powerful:1.96%|nosql:1.96%"
https://cto.teamstation.dev/hire/by-technology/edr,404,false,0,false,0,false,0,true,0,0,0,"",0,0,""
https://cto.teamstation.dev/hire/by-technology/ef-core,404,false,0,false,0,false,0,true,0,0,0,"",0,0,""
https://cto.teamstation.dev/hire/by-technology/elasticsearch,200,true,157,true,59,false,1,false,66,2,1,"Corporation",133,1,"search:6.37%|analytics:4.46%|elasticsearch:3.82%|security:3.82%|latest:3.18%|data:2.55%|powerful:1.91%|experts:1.91%"
https://cto.teamstation.dev/hire/by-technology/elixir,404,false,0,false,0,false,0,true,0,0,0,"",0,0,""
https://cto.teamstation.dev/hire/by-technology/ember-js,200,true,162,true,59,false,1,false,66,2,1,"Corporation",112,1,"ember:4.94%|web:3.7%|website:3.09%|latest:3.09%|security:3.09%|technologies:2.47%|powerful:1.85%|experts:1.85%"
https://cto.teamstation.dev/hire/by-technology/emotion,404,false,0,false,0,false,0,true,0,0,0,"",0,0,""
https://cto.teamstation.dev/hire/by-technology/erlang,404,false,0,false,0,false,0,true,0,0,0,"",0,0,""
https://cto.teamstation.dev/hire/by-technology/eslint,404,false,0,false,0,false,0,true,0,0,0,"",0,0,""
https://cto.teamstation.dev/hire/by-technology/etl-elt,404,false,0,false,0,false,0,true,0,0,0,"",0,0,""
https://cto.teamstation.dev/hire/by-technology/event-sourcing,200,true,158,true,59,false,1,false,66,2,1,"Corporation",124,1,"event:5.7%|sourcing:4.43%|event-driven:4.43%|security:3.8%|latest:3.16%|system:2.53%|data:2.53%|powerful:1.9%"
https://cto.teamstation.dev/hire/by-technology/express.js,404,false,0,false,0,false,0,true,0,0,0,"",0,0,""
https://cto.teamstation.dev/hire/by-technology/express,200,true,156,true,59,false,1,false,66,2,1,"Corporation",111,1,"express:4.49%|web:3.85%|website:3.21%|latest:3.21%|security:3.21%|technologies:2.56%|powerful:1.92%|experts:1.92%"
https://cto.teamstation.dev/hire/by-technology/external-secrets,404,false,0,false,0,false,0,true,0,0,0,"",0,0,""
https://cto.teamstation.dev/hire/by-technology/fastapi,200,true,156,true,59,false,1,false,66,2,1,"Corporation",111,1,"fastapi:4.49%|web:3.85%|website:3.21%|latest:3.21%|security:3.21%|technologies:2.56%|powerful:1.92%|experts:1.92%"
https://cto.teamstation.dev/hire/by-technology/fastlane,404,false,0,false,0,false,0,true,0,0,0,"",0,0,""
https://cto.teamstation.dev/hire/by-technology/feast,200,true,156,true,59,false,1,false,66,2,1,"Corporation",109,1,"feature:6.41%|feast:3.85%|store:3.85%|security:3.85%|latest:3.21%|features:2.56%|data:2.56%|powerful:1.92%"
https://cto.teamstation.dev/hire/by-technology/firebase-firestore,404,false,0,false,0,false,0,true,0,0,0,"",0,0,""
https://cto.teamstation.dev/hire/by-technology/figma,200,true,156,true,59,false,1,false,66,2,1,"Corporation",109,1,"design:7.05%|figma:3.85%|prototyping:3.85%|security:3.85%|latest:3.21%|features:2.56%|data:2.56%|powerful:1.92%"
https://cto.teamstation.dev/hire/by-technology/fivetran,404,false,0,false,0,false,0,true,0,0,0,"",0,0,""
https://cto.teamstation.dev/hire/by-technology/flask,200,true,156,true,59,false,1,false,66,2,1,"Corporation",109,1,"flask:4.49%|web:3.85%|website:3.21%|latest:3.21%|security:3.21%|technologies:2.56%|powerful:1.92%|experts:1.92%"
https://cto.teamstation.dev/hire/by-technology/flink,404,false,0,false,0,false,1,false,0,0,0,"",0,0,""
https://cto.teamstation.dev/hire/by-technology/flow,200,true,153,true,59,false,1,false,66,2,1,"Corporation",108,1,"flow:3.92%|web:3.27%|latest:3.27%|security:3.27%|powerful:1.96%|type:1.96%|experts:1.96%|help:1.96%"
https://cto.teamstation.dev/hire/by-technology/flutter,200,true,156,true,59,false,1,false,66,2,1,"Corporation",114,1,"mobile:5.13%|flutter:3.85%|app:3.85%|latest:3.21%|security:3.21%|powerful:1.92%|experts:1.92%|teamstation:1.92%"
https://cto.teamstation.dev/hire/by-technology/gatsby,200,true,165,true,59,false,1,false,66,2,1,"Corporation",110,1,"gatsby:4.24%|web:3.64%|generation:3.03%|website:3.03%|latest:3.03%|security:3.03%|technologies:2.42%|powerful:1.82%"
https://cto.teamstation.dev/hire/by-technology/gin,404,false,0,false,0,false,0,true,0,0,0,"",0,0,""
https://cto.teamstation.dev/hire/by-technology/generative-ai,200,true,171,true,59,false,248,false,66,2,1,"Corporation",144,1,"generative:7.6%|model:5.85%|cost:2.92%|help:2.34%|build:2.34%|application:2.34%|experts:1.75%|use:1.75%"
https://cto.teamstation.dev/hire/by-technology/github-actions,404,false,0,false,0,false,0,true,0,0,0,"",0,0,""
https://cto.teamstation.dev/hire/by-technology/gitlab,404,false,0,false,0,false,0,true,0,0,0,"",0,0,""
https://cto.teamstation.dev/hire/by-technology/gitops,200,true,160,true,59,false,1,false,66,2,1,"Corporation",125,1,"software:8.75%|delivery:6.25%|gitops:3.75%|security:3.75%|latest:3.13%|features:2.5%|powerful:1.88%|experts:1.88%"
https://cto.teamstation.dev/hire/by-technology/go,200,true,280,true,59,false,1,false,66,2,1,"Corporation",157,1,"concurrency:2.14%|race:2.14%|golang:1.43%|idiomatic:1.43%|code:1.43%|bugs:1.43%|channels:1.07%|engineers:1.07%"
https://cto.teamstation.dev/hire/by-technology/google-cloud,200,true,160,true,59,false,1,false,66,2,1,"Corporation",122,1,"cloud:10%|google:4.38%|security:3.75%|infrastructure:3.75%|latest:3.13%|data:2.5%|powerful:1.88%|experts:1.88%"
https://cto.teamstation.dev/hire/by-technology/google-workspace,404,false,0,false,0,false,1,false,0,0,0,"",0,0,""
https://cto.teamstation.dev/hire/by-technology/grafana,200,true,152,true,59,false,1,false,66,2,1,"Corporation",120,1,"observability:4.61%|data:4.61%|grafana:3.95%|security:3.95%|latest:3.29%|features:2.63%|powerful:1.97%|experts:1.97%"
https://cto.teamstation.dev/hire/by-technology/graphql,200,true,147,true,59,false,1,false,66,2,1,"Corporation",99,1,"apis:5.44%|graphql:4.08%|security:4.08%|api:4.08%|latest:3.4%|powerful:2.04%|query:2.04%|language:2.04%"
https://cto.teamstation.dev/hire/by-technology/great-expectations,404,false,0,false,0,false,1,false,0,0,0,"",0,0,""
https://cto.teamstation.dev/hire/by-technology/gremlin,404,false,0,false,0,false,1,false,0,0,0,"",0,0,""
https://cto.teamstation.dev/hire/by-technology/grpc,200,true,146,true,59,false,1,false,66,2,1,"Corporation",96,1,"apis:4.79%|grpc:4.11%|security:4.11%|api:4.11%|latest:3.42%|powerful:2.05%|experts:2.05%|help:2.05%"
https://cto.teamstation.dev/hire/by-technology/hapi-js,200,true,157,true,59,false,1,false,66,2,1,"Corporation",111,1,"hapi:5.1%|web:3.82%|website:3.18%|latest:3.18%|security:3.18%|technologies:2.55%|powerful:1.91%|experts:1.91%"
https://cto.teamstation.dev/hire/by-technology/haskell,404,false,0,false,0,false,0,true,0,0,0,"",0,0,""
https://cto.teamstation.dev/hire/by-technology/helm,200,true,152,true,59,false,1,false,66,2,1,"Corporation",117,1,"kubernetes:5.92%|helm:3.95%|security:3.95%|latest:3.29%|data:2.63%|powerful:1.97%|experts:1.97%|help:1.97%"
https://cto.teamstation.dev/hire/by-technology/hibernate,404,false,0,false,0,false,1,false,0,0,0,"",0,0,""
https://cto.teamstation.dev/hire/by-technology/hightouch,404,false,0,false,0,false,1,false,0,0,0,"",0,0,""
https://cto.teamstation.dev/hire/by-technology/hugging-face,404,false,0,false,0,false,1,false,0,0,0,"",0,0,""
https://cto.teamstation.dev/hire/by-technology/hipaa,404,false,0,false,0,false,1,false,0,0,0,"",0,0,""
https://cto.teamstation.dev/hire/by-technology/hubspot,404,false,0,false,0,false,1,false,0,0,0,"",0,0,""
https://cto.teamstation.dev/hire/by-technology/infracost,200,true,217,true,59,false,1,false,66,2,1,"Corporation",178,1,"cost:3.23%|infrastructure:2.76%|infracost:2.3%|every:1.38%|financial:1.38%|experts:1.38%|changes:1.38%|unknown:1.38%"
https://cto.teamstation.dev/hire/by-technology/iso,404,false,0,false,0,false,1,false,0,0,0,"",0,0,""
https://cto.teamstation.dev/hire/by-technology/jaeger,404,false,0,false,0,false,1,false,0,0,0,"",0,0,""
https://cto.teamstation.dev/hire/by-technology/istio,200,true,155,true,59,false,1,false,66,2,1,"Corporation",109,1,"service:4.52%|istio:3.87%|mesh:3.87%|security:3.87%|latest:3.23%|features:2.58%|data:2.58%|powerful:1.94%"
https://cto.teamstation.dev/hire/by-technology/jakarta-ee,200,true,164,true,59,false,1,false,66,2,1,"Corporation",121,1,"enterprise:6.1%|jakarta:4.27%|latest:3.66%|applications:3.05%|security:3.05%|java:2.44%|technologies:2.44%|application:2.44%"
https://cto.teamstation.dev/hire/by-technology/jamf,404,false,0,false,0,false,1,false,0,0,0,"",0,0,""
https://cto.teamstation.dev/hire/by-technology/jasmine,404,false,0,false,0,false,0,true,0,0,0,"",0,0,""
https://cto.teamstation.dev/hire/by-technology/java,404,false,0,false,0,false,248,false,0,0,0,"",0,0,""
https://cto.teamstation.dev/hire/by-technology/jenkins,200,true,159,true,59,false,1,false,66,2,1,"Corporation",126,1,"software:8.18%|delivery:5.66%|jenkins:3.77%|security:3.77%|latest:3.14%|features:2.52%|powerful:1.89%|experts:1.89%"
https://cto.teamstation.dev/hire/by-technology/jest,200,true,153,true,59,false,1,false,66,2,1,"Corporation",108,1,"tests:4.58%|jest:3.92%|security:3.92%|testing:3.27%|latest:3.27%|javascript:2.61%|powerful:1.96%|experts:1.96%"
https://cto.teamstation.dev/hire/by-technology/jira-service-management,404,false,0,false,0,false,1,false,0,0,0,"",0,0,""
https://cto.teamstation.dev/hire/by-technology/jira,404,false,0,false,0,false,0,true,0,0,0,"",0,0,""
https://cto.teamstation.dev/hire/by-technology/jquery,200,true,149,true,59,false,1,false,66,2,1,"Corporation",110,1,"jquery:4.03%|web:3.36%|latest:3.36%|security:3.36%|powerful:2.01%|experts:2.01%|help:2.01%|build:2.01%"
https://cto.teamstation.dev/hire/by-technology/junit,200,true,153,true,59,false,0,true,66,2,1,"Corporation",103,1,"tests:4.58%|junit:3.92%|security:3.92%|testing:3.27%|latest:3.27%|java:2.61%|powerful:1.96%|experts:1.96%"
https://cto.teamstation.dev/hire/by-technology/k6,404,false,0,false,0,false,1,false,0,0,0,"",0,0,""
https://cto.teamstation.dev/hire/by-technology/koa,200,true,154,true,59,false,1,false,66,2,1,"Corporation",107,1,"koa:4.55%|web:3.9%|website:3.25%|latest:3.25%|security:3.25%|technologies:2.6%|powerful:1.95%|experts:1.95%"
https://cto.teamstation.dev/hire/by-technology/kafka,200,true,244,true,59,false,1,false,66,2,1,"Corporation",175,1,"kafka:4.51%|data:3.28%|events:2.05%|critical:2.05%|architecture:1.64%|teamstation:1.64%|message:1.23%|real-time:1.23%"
https://cto.teamstation.dev/hire/by-technology/kotlin,404,false,0,false,0,false,1,false,0,0,0,"",0,0,""
https://cto.teamstation.dev/hire/by-technology/kubeflow,200,true,157,true,59,false,1,false,66,2,1,"Corporation",116,1,"machine:5.73%|learning:5.73%|kubeflow:3.82%|security:3.82%|pipeline:3.18%|latest:3.18%|features:2.55%|data:2.55%"
https://cto.teamstation.dev/hire/by-technology/kubernetes,200,true,169,true,59,false,248,false,66,2,1,"Corporation",154,1,"kubernetes:5.92%|clusters:2.37%|applications:2.37%|security:2.37%|experts:1.78%|container:1.78%|teamstation:1.78%|proof:1.78%"
https://cto.teamstation.dev/hire/by-technology/langchain,200,true,237,true,59,false,248,false,66,2,1,"Corporation",187,1,"llm:3.8%|langchain:2.53%|build:1.69%|complex:1.69%|teamstation:1.69%|tools:1.69%|applications:1.27%|chains:1.27%"
https://cto.teamstation.dev/hire/by-technology/launchdarkly,404,false,0,false,0,false,1,false,0,0,0,"",0,0,""
https://cto.teamstation.dev/hire/by-technology/less,404,false,0,false,0,false,0,true,0,0,0,"",0,0,""
https://cto.teamstation.dev/hire/by-technology/linkerd,404,false,0,false,0,false,0,true,0,0,0,"",0,0,""
https://cto.teamstation.dev/hire/by-technology/llm,200,true,166,true,59,false,248,false,66,2,1,"Corporation",158,1,"llm:6.02%|cost:3.01%|production-ready:2.41%|help:2.41%|application:2.41%|experts:1.81%|fine-tuning:1.81%|prompt:1.81%"
https://cto.teamstation.dev/hire/by-technology/llms,200,true,236,true,59,false,1,false,66,2,1,"Corporation",196,1,"llm:2.97%|teamstation:1.69%|model:1.69%|models:1.27%|application:1.27%|engineer:1.27%|data:1.27%|rag:1.27%"
https://cto.teamstation.dev/hire/by-technology/locust,200,true,161,true,59,false,0,true,66,2,1,"Corporation",116,1,"load:7.45%|testing:4.35%|locust:3.73%|security:3.73%|tests:3.11%|latest:3.11%|powerful:1.86%|experts:1.86%"
https://cto.teamstation.dev/hire/by-technology/loki,404,false,0,false,0,false,0,true,0,0,0,"",0,0,""
https://cto.teamstation.dev/hire/by-technology/looker,404,false,0,false,0,false,0,true,0,0,0,"",0,0,""
https://cto.teamstation.dev/hire/by-technology/machine-learning,200,true,240,true,59,false,1,false,66,2,1,"Corporation",199,1,"model:3.75%|data:3.33%|machine:2.08%|learning:2.08%|models:2.08%|production:1.67%|training:1.67%|teamstation:1.67%"
https://cto.teamstation.dev/hire/by-technology/mariadb,404,false,0,false,0,false,0,true,0,0,0,"",0,0,""
https://cto.teamstation.dev/hire/by-technology/material-ui,404,false,0,false,0,false,0,true,0,0,0,"",0,0,""
https://cto.teamstation.dev/hire/by-technology/memcached,200,true,152,true,59,false,1,false,66,2,1,"Corporation",116,1,"data:4.61%|memcached:3.95%|security:3.95%|caching:3.95%|latest:3.29%|powerful:1.97%|in-memory:1.97%|store:1.97%"
https://cto.teamstation.dev/hire/by-technology/message-queues,200,true,159,true,59,false,1,false,66,2,1,"Corporation",124,1,"message:5.66%|queues:4.4%|asynchronous:4.4%|security:3.77%|latest:3.14%|system:2.52%|data:2.52%|powerful:1.89%"
https://cto.teamstation.dev/hire/by-technology/micronaut,200,true,157,true,59,false,1,false,66,2,1,"Corporation",110,1,"microservices:4.46%|micronaut:3.82%|security:3.82%|latest:3.82%|features:2.55%|technologies:2.55%|microservice:2.55%|powerful:1.91%"
https://cto.teamstation.dev/hire/by-technology/microservices,200,true,155,true,59,false,1,false,66,2,1,"Corporation",122,1,"microservices:3.87%|security:3.87%|distributed:3.87%|systems:3.23%|latest:3.23%|system:2.58%|data:2.58%|powerful:1.94%"
https://cto.teamstation.dev/hire/by-technology/ml-ops,404,false,0,false,0,false,0,true,0,0,0,"",0,0,""
https://cto.teamstation.dev/hire/by-technology/mlflow,200,true,240,true,59,false,1,false,66,2,1,"Corporation",188,1,"mlflow:3.33%|model:3.33%|models:2.92%|production:2.5%|teamstation:1.67%|deployment:1.67%|data:1.25%|reproducible:1.25%"
https://cto.teamstation.dev/hire/by-technology/mobx,200,true,157,true,59,false,1,false,66,2,1,"Corporation",108,1,"state:8.92%|application:5.1%|mobx:3.82%|latest:3.18%|security:3.18%|management:2.55%|powerful:1.91%|experts:1.91%"
https://cto.teamstation.dev/hire/by-technology/mocha,404,false,0,false,0,false,0,true,0,0,0,"",0,0,""
https://cto.teamstation.dev/hire/by-technology/mongodb,200,true,153,true,59,false,1,false,66,2,1,"Corporation",112,1,"database:5.23%|mongodb:3.92%|data:3.92%|security:3.92%|latest:3.27%|features:2.61%|powerful:1.96%|nosql:1.96%"
https://cto.teamstation.dev/hire/by-technology/mysql,200,true,153,true,59,false,1,false,66,2,1,"Corporation",115,1,"database:5.23%|mysql:3.92%|data:3.92%|security:3.92%|latest:3.27%|features:2.61%|powerful:1.96%|relational:1.96%"
https://cto.teamstation.dev/hire/by-technology/nestjs,404,false,0,false,0,false,0,true,0,0,0,"",0,0,""
https://cto.teamstation.dev/hire/by-technology/net,200,true,158,true,59,false,248,false,66,2,1,"Corporation",108,1,"net:5.06%|web:4.43%|website:3.16%|latest:3.16%|security:3.16%|applications:2.53%|technologies:2.53%|powerful:1.9%"
https://cto.teamstation.dev/hire/by-technology/nextjs,200,true,166,true,59,false,248,false,66,2,1,"Corporation",111,1,"next:6.02%|web:4.22%|website:3.01%|latest:3.01%|security:3.01%|applications:2.41%|technologies:2.41%|experts:1.81%"
https://cto.teamstation.dev/hire/by-technology/node,200,true,202,true,59,false,248,false,66,2,1,"Corporation",156,1,"node:3.47%|memory:1.98%|like:1.49%|slow:1.49%|teamstation:1.49%|using:1.49%|proof:1.49%|unhandled:1.49%"
https://cto.teamstation.dev/hire/by-technology/notion,404,false,0,false,0,false,0,true,0,0,0,"",0,0,""
https://cto.teamstation.dev/hire/by-technology/numpy,200,true,230,true,59,false,1,false,66,2,1,"Corporation",179,1,"data:3.48%|numpy:3.04%|numerical:3.04%|code:2.61%|slow:2.17%|python:1.74%|operations:1.74%|loops:1.74%"
https://cto.teamstation.dev/hire/by-technology/nuxt-js,200,true,162,true,59,false,1,false,66,2,1,"Corporation",111,1,"nuxt:4.94%|web:3.7%|website:3.09%|latest:3.09%|security:3.09%|technologies:2.47%|powerful:1.85%|experts:1.85%"
https://cto.teamstation.dev/hire/by-technology/objective-c,404,false,0,false,0,false,0,true,0,0,0,"",0,0,""
https://cto.teamstation.dev/hire/by-technology/oidc,404,false,0,false,0,false,0,true,0,0,0,"",0,0,""
https://cto.teamstation.dev/hire/by-technology/okta,404,false,0,false,0,false,1,false,0,0,0,"",0,0,""
https://cto.teamstation.dev/hire/by-technology/opa,404,false,0,false,0,false,1,false,0,0,0,"",0,0,""
https://cto.teamstation.dev/hire/by-technology/openai,404,false,0,false,0,false,1,false,0,0,0,"",0,0,""
https://cto.teamstation.dev/hire/by-technology/openfeature,404,false,0,false,0,false,0,true,0,0,0,"",0,0,""
https://cto.teamstation.dev/hire/by-technology/opentelemetry,404,false,0,false,0,false,1,false,0,0,0,"",0,0,""
https://cto.teamstation.dev/hire/by-technology/oracle,404,false,0,false,0,false,0,true,0,0,0,"",0,0,""
https://cto.teamstation.dev/hire/by-technology/owasp-zap,200,true,229,true,59,false,1,false,66,2,1,"Corporation",181,1,"security:4.8%|zap:3.06%|owasp:2.18%|testing:1.75%|automated:1.75%|critical:1.75%|vulnerabilities:1.75%|application:1.31%"
https://cto.teamstation.dev/hire/by-technology/pact,200,true,200,true,59,false,1,false,66,2,1,"Corporation",187,1,"integration:3%|pact:2.5%|contract:2%|slow:2%|service:2%|tests:1.5%|experts:1.5%|teamstation:1.5%"
https://cto.teamstation.dev/hire/by-technology/pandas,200,true,230,true,59,false,1,false,66,2,1,"Corporation",171,1,"data:3.91%|feature:3.04%|pandas:2.61%|engineering:1.74%|memory:1.74%|teamstation:1.74%|machine:1.3%|transformation:1.3%"
https://cto.teamstation.dev/hire/by-technology/parcel,404,false,0,false,0,false,0,true,0,0,0,"",0,0,""
https://cto.teamstation.dev/hire/by-technology/penetration-testing,404,false,0,false,0,false,0,true,0,0,0,"",0,0,""
https://cto.teamstation.dev/hire/by-technology/pgvector,200,true,231,true,59,false,1,false,66,2,1,"Corporation",188,1,"vector:4.33%|data:3.46%|database:3.03%|pgvector:2.6%|rag:2.6%|search:2.16%|complex:1.73%|build:1.73%"
https://cto.teamstation.dev/hire/by-technology/phoenix,404,false,0,false,0,false,0,true,0,0,0,"",0,0,""
https://cto.teamstation.dev/hire/by-technology/php,404,false,0,false,0,false,1,false,0,0,0,"",0,0,""
https://cto.teamstation.dev/hire/by-technology/pinia,404,false,0,false,0,false,0,true,0,0,0,"",0,0,""
https://cto.teamstation.dev/hire/by-technology/playwright,404,false,0,false,0,false,1,false,0,0,0,"",0,0,""
https://cto.teamstation.dev/hire/by-technology/postgresql,404,false,0,false,0,false,1,false,0,0,0,"",0,0,""
https://cto.teamstation.dev/hire/by-technology/preact,404,false,0,false,0,false,1,false,0,0,0,"",0,0,""
https://cto.teamstation.dev/hire/by-technology/power-bi,404,false,0,false,0,false,0,true,0,0,0,"",0,0,""
https://cto.teamstation.dev/hire/by-technology/presto,404,false,0,false,0,false,0,true,0,0,0,"",0,0,""
https://cto.teamstation.dev/hire/by-technology/prettier,404,false,0,false,0,false,0,true,0,0,0,"",0,0,""
https://cto.teamstation.dev/hire/by-technology/prisma,404,false,0,false,0,false,1,false,0,0,0,"",0,0,""
https://cto.teamstation.dev/hire/by-technology/prometheus,404,false,0,false,0,false,1,false,0,0,0,"",0,0,""
https://cto.teamstation.dev/hire/by-technology/proofpoint,404,false,0,false,0,false,0,true,0,0,0,"",0,0,""
https://cto.teamstation.dev/hire/by-technology/pulumi,404,false,0,false,0,false,0,true,0,0,0,"",0,0,""
https://cto.teamstation.dev/hire/by-technology/pytest,404,false,0,false,0,false,1,false,0,0,0,"",0,0,""
https://cto.teamstation.dev/hire/by-technology/python,404,false,0,false,0,false,248,false,0,0,0,"",0,0,""
https://cto.teamstation.dev/hire/by-technology/pytorch,200,true,232,true,59,false,1,false,66,2,1,"Corporation",195,1,"pytorch:3.45%|research:3.02%|model:2.59%|experimentation:1.72%|teamstation:1.72%|deep:1.29%|learning:1.29%|production:1.29%"
https://cto.teamstation.dev/hire/by-technology/qa-automation,404,false,0,false,0,false,0,true,0,0,0,"",0,0,""
https://cto.teamstation.dev/hire/by-technology/quarkus,404,false,0,false,0,false,0,true,0,0,0,"",0,0,""
https://cto.teamstation.dev/hire/by-technology/ragas,404,false,0,false,0,false,1,false,0,0,0,"",0,0,""
https://cto.teamstation.dev/hire/by-technology/react-js,404,false,0,false,0,false,0,true,0,0,0,"",0,0,""
https://cto.teamstation.dev/hire/by-technology/ray,200,true,252,true,59,false,1,false,66,2,1,"Corporation",181,1,"ray:3.57%|python:2.78%|models:2.38%|single:2.38%|serve:1.98%|inference:1.98%|production:1.59%|code:1.59%"
https://cto.teamstation.dev/hire/by-technology/react-native,404,false,0,false,0,false,1,false,0,0,0,"",0,0,""
https://cto.teamstation.dev/hire/by-technology/react-testing-library,404,false,0,false,0,false,0,true,0,0,0,"",0,0,""
https://cto.teamstation.dev/hire/by-technology/react,404,false,0,false,0,false,248,false,0,0,0,"",0,0,""
https://cto.teamstation.dev/hire/by-technology/recoil,404,false,0,false,0,false,0,true,0,0,0,"",0,0,""
https://cto.teamstation.dev/hire/by-technology/redis,404,false,0,false,0,false,1,false,0,0,0,"",0,0,""
https://cto.teamstation.dev/hire/by-technology/redux,404,false,0,false,0,false,1,false,0,0,0,"",0,0,""
https://cto.teamstation.dev/hire/by-technology/remix,404,false,0,false,0,false,0,true,0,0,0,"",0,0,""
https://cto.teamstation.dev/hire/by-technology/rest-api-design,404,false,0,false,0,false,0,true,0,0,0,"",0,0,""
https://cto.teamstation.dev/hire/by-technology/rollup,404,false,0,false,0,false,0,true,0,0,0,"",0,0,""
https://cto.teamstation.dev/hire/by-technology/rest,404,false,0,false,0,false,0,true,0,0,0,"",0,0,""
https://cto.teamstation.dev/hire/by-technology/ruby-on-rails,404,false,0,false,0,false,0,true,0,0,0,"",0,0,""
https://cto.teamstation.dev/hire/by-technology/ruby,404,false,0,false,0,false,1,false,0,0,0,"",0,0,""
https://cto.teamstation.dev/hire/by-technology/rust,404,false,0,false,0,false,1,false,0,0,0,"",0,0,""
https://cto.teamstation.dev/hire/by-technology/rx-js,404,false,0,false,0,false,0,true,0,0,0,"",0,0,""
https://cto.teamstation.dev/hire/by-technology/salesforce,404,false,0,false,0,false,1,false,0,0,0,"",0,0,""
https://cto.teamstation.dev/hire/by-technology/sass,404,false,0,false,0,false,0,true,0,0,0,"",0,0,""
https://cto.teamstation.dev/hire/by-technology/scala,404,false,0,false,0,false,0,true,0,0,0,"",0,0,""
https://cto.teamstation.dev/hire/by-technology/scikit-learn,404,false,0,false,0,false,0,true,0,0,0,"",0,0,""
https://cto.teamstation.dev/hire/by-technology/security-engineering,404,false,0,false,0,false,0,true,0,0,0,"",0,0,""
https://cto.teamstation.dev/hire/by-technology/selenium,404,false,0,false,0,false,0,true,0,0,0,"",0,0,""
https://cto.teamstation.dev/hire/by-technology/sentry,404,false,0,false,0,false,0,true,0,0,0,"",0,0,""
https://cto.teamstation.dev/hire/by-technology/serverless,404,false,0,false,0,false,0,true,0,0,0,"",0,0,""
https://cto.teamstation.dev/hire/by-technology/snowflake,200,true,252,true,59,false,248,false,66,2,1,"Corporation",179,1,"data:8.33%|snowflake:2.38%|teamstation:1.59%|architecture:1.19%|expert:1.19%|queries:1.19%|build:1.19%|other:1.19%"
https://cto.teamstation.dev/hire/by-technology/snyk,404,false,0,false,0,false,0,true,0,0,0,"",0,0,""
https://cto.teamstation.dev/hire/by-technology/soc,404,false,0,false,0,false,1,false,0,0,0,"",0,0,""
https://cto.teamstation.dev/hire/by-technology/socketio,404,false,0,false,0,false,1,false,0,0,0,"",0,0,""
https://cto.teamstation.dev/hire/by-technology/solid-js,404,false,0,false,0,false,1,false,0,0,0,"",0,0,""
https://cto.teamstation.dev/hire/by-technology/sops,404,false,0,false,0,false,0,true,0,0,0,"",0,0,""
https://cto.teamstation.dev/hire/by-technology/spark,404,false,0,false,0,false,0,true,0,0,0,"",0,0,""
https://cto.teamstation.dev/hire/by-technology/sql,404,false,0,false,0,false,1,false,0,0,0,"",0,0,""
https://cto.teamstation.dev/hire/by-technology/sql-server,404,false,0,false,0,false,0,true,0,0,0,"",0,0,""
https://cto.teamstation.dev/hire/by-technology/sqlalchemy,404,false,0,false,0,false,1,false,0,0,0,"",0,0,""
https://cto.teamstation.dev/hire/by-technology/storybook,404,false,0,false,0,false,0,true,0,0,0,"",0,0,""
https://cto.teamstation.dev/hire/by-technology/stripe,404,false,0,false,0,false,0,true,0,0,0,"",0,0,""
https://cto.teamstation.dev/hire/by-technology/styled-components,404,false,0,false,0,false,0,true,0,0,0,"",0,0,""
https://cto.teamstation.dev/hire/by-technology/stylus,404,false,0,false,0,false,0,true,0,0,0,"",0,0,""
https://cto.teamstation.dev/hire/by-technology/svelte,404,false,0,false,0,false,1,false,0,0,0,"",0,0,""
https://cto.teamstation.dev/hire/by-technology/sveltekit,404,false,0,false,0,false,0,true,0,0,0,"",0,0,""
https://cto.teamstation.dev/hire/by-technology/swift,404,false,0,false,0,false,1,false,0,0,0,"",0,0,""
https://cto.teamstation.dev/hire/by-technology/system-design,404,false,0,false,0,false,0,true,0,0,0,"",0,0,""
https://cto.teamstation.dev/hire/by-technology/tailwind,404,false,0,false,0,false,1,false,0,0,0,"",0,0,""
https://cto.teamstation.dev/hire/by-technology/tableau,404,false,0,false,0,false,0,true,0,0,0,"",0,0,""
https://cto.teamstation.dev/hire/by-technology/tanstack,404,false,0,false,0,false,1,false,0,0,0,"",0,0,""
https://cto.teamstation.dev/hire/by-technology/tensorflow,404,false,0,false,0,false,0,true,0,0,0,"",0,0,""
https://cto.teamstation.dev/hire/by-technology/testing,404,false,0,false,0,false,1,false,0,0,0,"",0,0,""
https://cto.teamstation.dev/hire/by-technology/terraform,200,true,154,true,59,false,248,false,66,2,1,"Corporation",135,1,"infrastructure:7.14%|terraform:5.84%|code:4.55%|experts:1.95%|manage:1.95%|multi-cloud:1.95%|confidence:1.95%|leading:1.95%"
https://cto.teamstation.dev/hire/by-technology/tornado,404,false,0,false,0,false,0,true,0,0,0,"",0,0,""
https://cto.teamstation.dev/hire/by-technology/trivy,404,false,0,false,0,false,1,false,0,0,0,"",0,0,""
https://cto.teamstation.dev/hire/by-technology/transformers,404,false,0,false,0,false,1,false,0,0,0,"",0,0,""
https://cto.teamstation.dev/hire/by-technology/typeorm,404,false,0,false,0,false,0,true,0,0,0,"",0,0,""
https://cto.teamstation.dev/hire/by-technology/typescript,404,false,0,false,0,false,0,true,0,0,0,"",0,0,""
https://cto.teamstation.dev/hire/by-technology/vault,404,false,0,false,0,false,1,false,0,0,0,"",0,0,""
https://cto.teamstation.dev/hire/by-technology/vite,404,false,0,false,0,false,1,false,0,0,0,"",0,0,""
https://cto.teamstation.dev/hire/by-technology/vitest,404,false,0,false,0,false,0,true,0,0,0,"",0,0,""
https://cto.teamstation.dev/hire/by-technology/vllm,200,true,237,true,59,false,1,false,66,2,1,"Corporation",179,1,"vllm:2.95%|gpu:2.95%|llm:1.69%|cost:1.69%|user:1.69%|teamstation:1.69%|serving:1.27%|high:1.27%"
https://cto.teamstation.dev/hire/by-technology/vue,404,false,0,false,0,false,1,false,0,0,0,"",0,0,""
https://cto.teamstation.dev/hire/by-technology/vuex,404,false,0,false,0,false,0,true,0,0,0,"",0,0,""
https://cto.teamstation.dev/hire/by-technology/web-accessibility,404,false,0,false,0,false,0,true,0,0,0,"",0,0,""
https://cto.teamstation.dev/hire/by-technology/websockets,404,false,0,false,0,false,0,true,0,0,0,"",0,0,""
https://cto.teamstation.dev/hire/by-technology/webpack,404,false,0,false,0,false,0,true,0,0,0,"",0,0,""
https://cto.teamstation.dev/hire/by-technology/zustand,404,false,0,false,0,false,0,true,0,0,0,"",0,0,""
https://cto.teamstation.dev/hire/by-technology/zuora,404,false,0,false,0,false,0,true,0,0,0,"",0,0,""